Lapse,PO_Occupation,Premium,PremiumG,NewLapse
0,2,"16,884.92",2,1
0,3,"1,725.55",1,0
0,3,"4,449.46",1,0
0,2,"21,984.47",3,0
1,1,"3,866.86",1,1
0,2,"3,756.62",1,0
0,4,"8,240.59",1,0
0,3,"7,281.51",1,0
0,2,"6,406.41",1,0
0,1,"28,923.14",3,0
0,4,"2,721.32",1,0
1,2,"27,808.73",3,1
1,3,"1,826.84",1,1
0,1,"11,090.72",2,0
0,2,"39,611.76",4,1
0,2,"1,837.24",1,0
0,1,"10,797.34",2,0
1,2,"2,395.17",1,1
0,1,"10,602.39",2,0
1,2,"36,837.47",4,1
0,3,"13,228.85",2,0
0,4,"4,149.74",1,0
0,4,"1,137.01",1,0
1,2,"37,701.88",4,1
1,3,"6,203.90",1,1
0,1,"14,001.13",2,0
0,4,"14,451.84",2,0
0,2,"12,268.63",2,0
0,3,"2,775.19",1,0
1,1,"38,711.00",4,1
0,3,"35,585.58",4,1
0,3,"2,198.19",1,0
0,3,"4,687.80",1,0
0,1,"13,770.10",2,0
0,1,"51,194.56",4,1
0,3,"1,625.43",1,0
0,3,"15,612.19",2,0
0,4,"2,302.30",1,0
1,2,"39,774.28",4,1
1,1,"48,173.36",4,1
1,3,"3,046.06",1,1
0,4,"4,949.76",1,0
0,3,"6,272.48",1,0
1,3,"6,313.76",1,1
0,2,"6,079.67",1,0
0,2,"20,630.28",3,0
1,2,"3,393.36",1,1
0,1,"3,556.92",1,0
0,4,"12,629.90",2,0
0,2,"38,709.18",4,1
0,3,"2,211.13",1,0
0,3,"3,579.83",1,0
0,4,"23,568.27",3,1
0,3,"37,742.58",4,1
1,3,"8,059.68",1,1
0,3,"47,496.49",4,1
1,2,"13,607.37",2,1
0,3,"34,303.17",4,1
0,2,"23,244.79",3,1
0,3,"5,989.52",1,0
0,2,"8,606.22",1,0
0,3,"4,504.66",1,0
1,2,"30,166.62",4,1
0,1,"4,133.64",1,0
1,3,"14,711.74",2,1
1,2,"1,743.21",1,1
0,3,"14,235.07",2,0
0,1,"6,389.38",1,0
0,4,"5,920.10",1,0
1,1,"17,663.14",2,1
0,1,"16,577.78",2,1
1,2,"6,799.46",1,1
0,4,"11,741.73",2,0
0,1,"11,946.63",2,0
0,3,"7,726.85",1,0
0,2,"11,356.66",2,0
0,3,"3,947.41",1,0
0,4,"1,532.47",1,0
0,3,"2,755.02",1,0
0,3,"6,571.02",1,0
0,3,"4,441.21",1,0
1,2,"7,935.29",1,1
0,2,"37,165.16",4,1
0,3,"11,033.66",2,0
0,1,"39,836.52",4,1
1,2,"21,098.55",3,1
1,1,"43,578.94",4,1
0,2,"11,073.18",2,0
0,3,"8,026.67",1,0
0,1,"11,082.58",2,0
0,3,"2,026.97",1,0
0,4,"10,942.13",2,0
0,3,"30,184.94",4,1
0,2,"5,729.01",1,0
0,3,"47,291.06",4,1
0,1,"3,766.88",1,0
0,3,"12,105.32",2,0
0,1,"10,226.28",2,0
0,3,"22,412.65",3,1
0,2,"15,820.70",2,1
0,3,"6,186.13",1,0
0,2,"3,645.09",1,0
0,4,"21,344.85",3,0
0,4,"30,942.19",4,1
0,4,"5,003.85",1,0
0,1,"17,560.38",2,1
0,3,"2,331.52",1,0
0,2,"3,877.30",1,0
0,4,"2,867.12",1,0
0,3,"47,055.53",4,1
0,4,"10,825.25",2,0
0,4,"11,881.36",2,0
1,2,"4,646.76",1,1
0,2,"2,404.73",1,0
0,3,"11,488.32",2,0
0,2,"30,260.00",4,0
0,2,"11,381.33",2,0
0,2,"19,107.78",2,1
0,2,"8,601.33",1,0
0,2,"6,686.43",1,0
0,3,"7,740.34",1,0
1,3,"1,705.62",1,1
1,3,"2,257.48",1,1
0,1,"39,556.49",4,1
0,4,"10,115.01",2,0
0,4,"3,385.40",1,0
0,1,"17,081.08",2,1
0,2,"9,634.54",1,0
0,4,"32,734.19",4,1
0,2,"6,082.41",1,0
1,2,"12,815.44",2,1
0,2,"13,616.36",2,0
1,4,"11,163.57",2,1
0,3,"1,632.56",1,0
0,1,"2,457.21",1,0
0,3,"2,155.68",1,0
1,4,"1,261.44",1,1
1,4,"2,045.69",1,1
0,3,"27,322.73",3,0
0,1,"2,166.73",1,0
0,2,"27,375.90",3,0
0,1,"3,490.55",1,0
0,2,"18,972.50",2,1
0,1,"18,157.88",2,0
0,3,"20,745.99",3,1
0,2,"5,138.26",1,0
0,3,"40,720.55",4,1
0,1,"9,877.61",1,0
0,1,"10,959.69",2,0
0,3,"1,842.52",1,0
0,2,"5,125.22",1,0
0,2,"7,789.64",1,0
0,3,"6,334.34",1,0
1,1,"19,964.75",2,1
0,1,"7,077.19",1,0
0,2,"6,948.70",1,0
0,2,"21,223.68",3,1
0,4,"15,518.18",2,1
0,1,"36,950.26",4,1
0,1,"19,749.38",2,0
0,1,"21,348.71",3,1
1,1,"36,149.48",4,1
0,2,"10,450.55",2,0
0,3,"5,152.13",1,0
0,3,"5,028.15",1,0
0,2,"10,407.09",2,0
1,3,"4,830.63",1,1
1,2,"6,128.80",1,1
0,3,"2,719.28",1,0
0,3,"4,827.90",1,0
0,1,"13,405.39",2,0
0,1,"8,116.68",1,0
0,2,"1,694.80",1,0
0,3,"5,246.05",1,0
0,2,"2,855.44",1,0
0,1,"48,824.45",4,1
0,2,"6,455.86",1,0
0,2,"10,436.10",2,0
0,4,"8,823.28",1,0
0,4,"8,538.29",1,0
0,2,"11,735.88",2,0
1,1,"1,631.82",1,1
0,1,"4,005.42",1,0
0,3,"7,419.48",1,0
0,4,"7,731.43",1,0
0,3,"43,753.34",4,1
0,4,"3,981.98",1,0
0,2,"5,325.65",1,0
0,4,"6,775.96",1,0
0,1,"4,922.92",1,0
0,4,"12,557.61",2,0
0,2,"4,883.87",1,0
0,3,"2,137.65",1,0
0,1,"12,044.34",2,0
0,4,"1,137.47",1,0
0,2,"1,639.56",1,0
0,3,"5,649.72",1,0
0,4,"8,516.83",1,0
1,3,"9,644.25",1,1
0,3,"14,901.52",2,0
0,3,"2,130.68",1,0
0,3,"8,871.15",1,0
0,2,"13,012.21",2,0
0,1,"37,133.90",4,1
0,2,"7,147.11",1,0
0,4,"4,337.74",1,0
0,1,"11,743.30",2,0
0,2,"20,984.09",3,1
0,2,"13,880.95",2,0
0,2,"6,610.11",1,0
0,4,"1,980.07",1,0
0,1,"8,162.72",1,0
0,4,"3,537.70",1,0
0,2,"5,002.78",1,0
0,2,"8,520.03",1,0
0,3,"7,371.77",1,0
0,1,"10,355.64",2,0
0,1,"2,483.74",1,0
0,3,"3,392.98",1,0
0,1,"25,081.77",3,0
0,3,"5,012.47",1,0
0,3,"10,564.88",2,0
0,3,"5,253.52",1,0
0,3,"34,779.62",4,1
0,2,"19,515.54",2,1
0,3,"11,987.17",2,0
0,2,"2,689.50",1,0
0,1,"24,227.34",3,0
0,3,"7,358.18",1,0
0,4,"9,225.26",1,0
0,2,"7,443.64",1,0
0,3,"14,001.29",2,0
0,2,"1,727.79",1,0
1,3,"12,333.83",2,1
1,1,"6,710.19",1,1
0,4,"19,444.27",2,1
0,3,"1,615.77",1,0
0,3,"4,463.21",1,0
0,1,"17,352.68",2,1
1,1,"7,152.67",1,1
1,1,"38,511.63",4,1
0,2,"5,354.07",1,0
0,1,"35,160.13",4,0
0,1,"7,196.87",1,0
0,3,"29,523.17",3,1
0,1,"24,476.48",3,0
0,4,"12,648.70",2,0
0,3,"1,986.93",1,0
0,2,"1,832.09",1,0
0,1,"4,040.56",1,0
1,2,"12,829.46",2,1
0,2,"47,305.31",4,1
0,2,"44,260.75",4,1
0,3,"4,260.74",1,0
0,2,"41,097.16",4,1
0,3,"13,047.33",2,0
0,1,"43,921.18",4,1
0,1,"5,400.98",1,0
0,3,"11,520.10",2,0
0,1,"33,750.29",4,1
0,2,"11,837.16",2,0
1,4,"17,085.27",2,1
0,3,"24,869.84",3,1
0,3,"36,219.41",4,1
0,3,"20,463.00",3,0
0,1,"46,151.12",4,1
0,2,"17,179.52",2,1
0,1,"14,590.63",2,0
0,1,"7,441.05",1,0
0,3,"9,282.48",1,0
1,3,"1,719.44",1,1
1,2,"42,856.84",4,1
1,1,"7,265.70",1,1
0,2,"9,617.66",1,0
0,1,"2,523.17",1,0
0,1,"9,715.84",1,0
0,1,"2,803.70",1,0
0,1,"2,150.47",1,0
0,3,"12,928.79",2,0
0,1,"9,855.13",1,0
0,3,"22,331.57",3,1
0,3,"48,549.18",4,1
1,1,"4,237.13",1,1
0,2,"11,879.10",2,0
0,3,"9,625.92",1,0
0,1,"7,742.11",1,0
0,3,"9,432.93",1,0
0,3,"14,256.19",2,0
0,1,"47,896.79",4,1
0,1,"25,992.82",3,0
0,2,"3,172.02",1,0
0,2,"20,277.81",3,0
0,2,"42,112.24",4,1
1,2,"2,156.75",1,1
0,2,"3,906.13",1,0
0,2,"1,704.57",1,0
1,2,"16,297.85",2,1
0,4,"21,978.68",3,1
0,4,"38,746.36",4,1
1,1,"9,249.50",1,1
0,3,"6,746.74",1,0
0,3,"24,873.38",3,1
0,3,"12,265.51",2,0
1,3,"4,349.46",1,1
0,3,"12,646.21",2,0
0,2,"19,442.35",2,0
0,1,"20,177.67",3,0
0,2,"4,151.03",1,0
0,1,"11,944.59",2,0
1,2,"7,749.16",1,1
0,1,"8,444.47",1,0
0,2,"1,737.38",1,0
1,2,"42,124.52",4,1
0,3,"8,124.41",1,0
0,3,"34,838.87",4,1
0,2,"9,722.77",1,0
0,3,"8,835.26",1,0
0,3,"10,435.07",2,0
0,2,"7,421.19",1,0
0,2,"4,667.61",1,0
0,1,"4,894.75",1,0
0,3,"24,671.66",3,0
0,3,"35,491.64",4,1
0,1,"11,566.30",2,0
0,3,"2,866.09",1,0
0,2,"6,600.21",1,0
0,2,"3,561.89",1,0
0,2,"42,760.50",4,1
1,1,"47,928.03",4,1
0,1,"9,144.57",1,0
0,4,"48,517.56",4,1
0,1,"24,393.62",3,1
0,2,"13,429.04",2,0
0,2,"11,658.38",2,0
0,2,"19,144.58",2,0
0,4,"13,822.80",2,0
0,4,"12,142.58",2,0
0,2,"13,937.67",2,0
0,4,"41,919.10",4,1
0,3,"8,232.64",1,0
0,4,"18,955.22",2,0
0,1,"13,352.10",2,0
0,1,"13,217.09",2,0
0,2,"13,981.85",2,0
0,3,"10,977.21",2,0
0,4,"6,184.30",1,0
0,3,"4,890.00",1,0
0,4,"8,334.46",1,0
0,2,"5,478.04",1,0
0,2,"1,635.73",1,0
0,2,"11,830.61",2,0
0,2,"8,932.08",1,0
1,2,"3,554.20",1,1
0,2,"12,404.88",2,0
0,1,"14,133.04",2,0
1,2,"24,603.05",3,1
0,2,"8,944.12",1,0
0,3,"9,620.33",1,0
0,2,"1,837.28",1,0
0,2,"1,607.51",1,0
0,2,"10,043.25",2,0
0,3,"4,751.07",1,0
1,2,"13,844.51",2,1
0,3,"2,597.78",1,0
0,3,"3,180.51",1,0
0,3,"9,778.35",1,0
1,1,"13,430.27",2,1
0,2,"8,017.06",1,0
0,3,"8,116.27",1,0
0,4,"3,481.87",1,0
0,2,"13,415.04",2,0
0,1,"12,029.29",2,0
1,2,"7,639.42",1,1
1,1,"36,085.22",4,1
0,2,"1,391.53",1,0
0,2,"18,033.97",2,1
0,1,"21,659.93",3,1
0,3,"38,126.25",4,1
0,3,"16,455.71",2,0
0,2,"27,000.98",3,0
1,2,"15,006.58",2,1
1,3,"42,303.69",4,1
0,2,"20,781.49",3,0
0,4,"5,846.92",1,0
0,1,"8,302.54",1,0
1,2,"1,261.86",1,1
1,4,"11,856.41",2,1
1,1,"30,284.64",4,1
1,3,"3,176.82",1,1
0,3,"4,618.08",1,0
0,3,"10,736.87",2,0
0,3,"2,138.07",1,0
1,1,"8,964.06",1,1
0,2,"9,290.14",1,0
0,1,"9,411.01",1,0
0,3,"7,526.71",1,0
0,1,"8,522.00",1,0
1,2,"16,586.50",2,1
1,1,"14,988.43",2,1
0,2,"1,631.67",1,0
0,1,"9,264.80",1,0
0,3,"8,083.92",1,0
0,4,"14,692.67",2,0
1,2,"10,269.46",2,1
0,3,"3,260.20",1,0
1,2,"11,396.90",2,1
0,2,"4,185.10",1,0
0,3,"8,539.67",1,0
1,3,"6,652.53",1,1
0,4,"4,074.45",1,0
0,1,"1,621.34",1,0
0,4,"19,594.81",2,1
0,2,"14,455.64",2,1
0,4,"5,080.10",1,0
0,3,"2,134.90",1,0
0,4,"7,345.73",1,0
1,1,"9,140.95",1,1
1,1,"18,608.26",2,1
0,1,"14,418.28",2,0
1,1,"28,950.47",3,1
0,1,"46,889.26",4,1
1,1,"46,599.11",4,1
0,1,"39,125.33",4,1
0,2,"2,727.40",1,0
0,4,"8,968.33",1,0
0,3,"9,788.87",1,0
0,3,"6,555.07",1,0
1,4,"7,323.73",1,1
1,2,"3,167.46",1,1
0,2,"18,804.75",2,0
0,3,"23,082.96",3,0
1,3,"4,906.41",1,1
1,3,"5,969.72",1,1
0,4,"12,638.20",2,0
0,2,"4,243.59",1,0
0,3,"13,919.82",2,0
0,2,"2,254.80",1,0
0,4,"5,926.85",1,0
0,3,"12,592.53",2,0
0,4,"2,897.32",1,0
0,2,"4,738.27",1,0
0,2,"37,079.37",4,1
0,4,"1,149.40",1,0
0,4,"28,287.90",3,0
0,2,"26,109.33",3,1
0,3,"7,345.08",1,0
1,2,"12,731.00",2,1
0,3,"11,454.02",2,0
0,3,"5,910.94",1,0
1,1,"4,762.33",1,1
1,3,"7,512.27",1,1
0,4,"4,032.24",1,0
0,3,"1,969.61",1,0
1,2,"1,769.53",1,1
0,3,"4,686.39",1,0
0,4,"21,797.00",3,0
0,3,"11,881.97",2,0
0,4,"11,840.78",2,0
0,3,"10,601.41",2,0
0,3,"7,682.67",1,0
0,3,"10,381.48",2,0
0,3,"22,144.03",3,1
0,3,"15,230.32",2,0
1,3,"11,165.42",2,1
0,1,"1,632.04",1,0
0,2,"19,521.97",2,1
0,3,"13,224.69",2,0
1,3,"12,643.38",2,1
0,3,"23,288.93",3,0
0,3,"2,201.10",1,0
0,4,"2,497.04",1,0
0,4,"2,203.47",1,0
0,3,"1,744.47",1,0
0,2,"20,878.78",3,0
1,1,"25,382.30",3,1
0,1,"28,868.66",3,1
0,2,"35,147.53",4,1
0,3,"2,534.39",1,0
1,4,"1,534.30",1,1
0,4,"1,824.29",1,0
0,3,"15,555.19",2,0
0,2,"9,304.70",1,0
0,3,"1,622.19",1,0
1,3,"9,880.07",1,1
0,2,"9,563.03",1,0
0,2,"4,347.02",1,0
0,2,"12,475.35",2,0
1,4,"1,253.94",1,1
0,3,"48,885.14",4,1
0,3,"10,461.98",2,0
1,3,"1,748.77",1,1
1,2,"24,513.09",3,1
0,3,"2,196.47",1,0
0,1,"12,574.05",2,0
0,3,"17,942.11",2,1
0,4,"1,967.02",1,0
0,3,"4,931.65",1,0
1,3,"8,027.97",1,1
0,4,"8,211.10",1,0
0,4,"13,470.86",2,0
0,3,"36,197.70",4,1
0,3,"6,837.37",1,0
1,3,"22,218.11",3,1
0,2,"32,548.34",4,1
1,1,"5,974.38",1,1
0,2,"6,796.86",1,0
0,3,"2,643.27",1,0
0,3,"3,077.10",1,0
0,3,"3,044.21",1,0
0,3,"11,455.28",2,0
1,2,"11,763.00",2,1
0,3,"2,498.41",1,0
1,1,"9,361.33",1,1
0,4,"1,256.30",1,0
0,2,"21,082.16",3,1
0,2,"11,362.76",2,0
1,1,"27,724.29",3,1
0,1,"8,413.46",1,0
0,3,"5,240.77",1,0
0,3,"3,857.76",1,0
0,2,"25,656.58",3,0
1,2,"3,994.18",1,1
0,3,"9,866.30",1,0
1,3,"5,397.62",1,1
0,3,"38,245.59",4,1
0,4,"11,482.63",2,0
1,2,"24,059.68",3,1
0,1,"9,861.03",1,0
0,2,"8,342.91",1,0
1,2,"1,708.00",1,1
0,4,"48,675.52",4,1
0,2,"14,043.48",2,0
1,1,"12,925.89",2,1
0,1,"19,214.71",2,0
0,1,"13,831.12",2,0
0,2,"6,067.13",1,0
0,3,"5,972.38",1,0
0,2,"8,825.09",1,0
0,2,"8,233.10",1,0
0,1,"27,346.04",3,0
0,3,"6,196.45",1,0
0,3,"3,056.39",1,0
0,2,"13,887.20",2,0
0,4,"63,770.43",4,1
0,1,"10,231.50",2,0
1,1,"23,807.24",3,1
0,3,"3,268.85",1,0
0,2,"11,538.42",2,0
0,4,"3,213.62",1,0
0,4,"45,863.21",4,1
0,2,"13,390.56",2,0
0,3,"3,972.92",1,0
0,3,"12,957.12",2,0
0,2,"11,187.66",2,0
1,3,"17,878.90",2,1
0,1,"3,847.67",1,0
0,3,"8,334.59",1,0
1,3,"3,935.18",1,1
0,3,"39,983.43",4,1
0,2,"1,646.43",1,0
1,1,"9,193.84",1,1
0,2,"10,923.93",2,0
0,1,"2,494.02",1,0
1,2,"9,058.73",1,1
1,3,"2,801.26",1,1
0,2,"2,128.43",1,0
0,4,"6,373.56",1,0
0,2,"7,256.72",1,0
0,2,"11,552.90",2,0
1,3,"45,702.02",4,1
0,4,"3,761.29",1,0
0,2,"2,219.45",1,0
0,2,"4,753.64",1,0
0,2,"31,620.00",4,0
0,3,"13,224.06",2,0
1,2,"12,222.90",2,1
0,2,"1,665.00",1,0
0,2,"58,571.07",4,1
0,1,"9,724.53",1,0
0,2,"3,206.49",1,0
0,1,"12,913.99",2,0
0,2,"1,639.56",1,0
0,2,"6,356.27",1,0
0,3,"17,626.24",2,0
1,3,"1,242.82",1,1
0,3,"4,779.60",1,0
0,3,"3,861.21",1,0
1,2,"43,943.88",4,1
0,3,"13,635.64",2,0
0,2,"5,976.83",1,0
0,3,"11,842.44",2,0
0,2,"8,428.07",1,0
0,1,"2,566.47",1,0
1,3,"15,359.10",2,1
0,2,"5,709.16",1,0
0,3,"8,823.99",1,0
0,2,"7,640.31",1,0
0,3,"5,594.85",1,0
1,1,"7,441.50",1,1
0,1,"33,471.97",4,0
1,1,"1,633.04",1,1
0,2,"9,174.14",1,0
0,3,"11,070.54",2,0
0,3,"16,085.13",2,0
0,2,"17,468.98",2,1
0,1,"9,283.56",1,0
0,1,"3,558.62",1,0
0,3,"25,678.78",3,1
0,3,"4,435.09",1,0
0,4,"39,241.44",4,1
0,1,"8,547.69",1,0
0,2,"6,571.54",1,0
0,4,"2,207.70",1,0
0,3,"6,753.04",1,0
1,3,"1,880.07",1,1
1,2,"11,654.18",2,1
0,4,"11,658.12",2,0
0,2,"23,306.55",3,1
0,3,"34,439.86",4,1
0,1,"10,713.64",2,0
0,3,"3,659.35",1,0
1,2,"40,182.25",4,1
0,2,"9,182.17",1,0
1,4,"34,617.84",4,1
0,4,"12,129.61",2,0
0,3,"3,736.46",1,0
0,1,"6,748.59",1,0
0,3,"11,326.71",2,0
0,4,"11,365.95",2,0
1,1,"42,983.46",4,1
1,2,"10,085.85",2,1
0,2,"1,977.82",1,0
0,3,"3,366.67",1,0
1,2,"7,173.36",1,1
0,2,"9,391.35",1,0
1,2,"14,410.93",2,1
0,1,"2,709.11",1,0
0,2,"24,915.05",3,0
0,4,"20,149.32",3,1
0,2,"12,949.16",2,0
0,1,"6,666.24",1,0
0,4,"32,787.46",4,1
0,4,"13,143.86",2,0
0,3,"4,466.62",1,0
0,3,"18,806.15",2,0
0,3,"10,141.14",2,0
0,3,"6,123.57",1,0
0,2,"8,252.28",1,0
1,3,"1,712.23",1,1
0,2,"12,430.95",2,0
0,3,"9,800.89",1,0
0,2,"10,579.71",2,0
0,3,"8,280.62",1,0
0,1,"8,527.53",1,0
0,4,"12,244.53",2,0
0,3,"24,667.42",3,1
0,1,"3,410.32",1,0
0,2,"4,058.71",1,0
0,3,"26,392.26",3,0
0,4,"14,394.40",2,0
0,3,"6,435.62",1,0
0,2,"22,192.44",3,0
0,2,"5,148.55",1,0
0,3,"1,136.40",1,0
0,1,"27,037.91",3,1
0,1,"42,560.43",4,1
0,2,"8,703.46",1,0
0,1,"40,003.33",4,1
1,4,"45,710.21",4,1
0,1,"6,500.24",1,0
0,2,"4,837.58",1,0
0,3,"3,943.60",1,0
0,1,"4,399.73",1,0
0,3,"6,185.32",1,0
0,1,"46,200.99",4,1
0,1,"7,222.79",1,0
0,4,"12,485.80",2,0
1,3,"46,130.53",4,1
0,2,"12,363.55",2,0
0,2,"10,156.78",2,0
0,2,"2,585.27",1,0
0,1,"1,242.26",1,0
0,1,"40,103.89",4,1
0,2,"9,863.47",1,0
0,1,"4,766.02",1,0
0,2,"11,244.38",2,0
0,1,"7,729.65",1,0
0,1,"5,438.75",1,0
0,2,"26,236.58",3,0
1,1,"34,806.47",4,1
0,3,"2,104.11",1,0
0,4,"8,068.19",1,0
0,3,"2,362.23",1,0
0,1,"2,352.97",1,0
0,2,"3,578.00",1,0
0,1,"3,201.25",1,0
0,3,"29,186.48",3,0
1,2,"40,273.65",4,1
0,1,"10,976.25",2,0
0,1,"3,500.61",1,0
0,1,"2,020.55",1,0
0,4,"9,541.70",1,0
0,4,"9,504.31",1,0
0,2,"5,385.34",1,0
1,1,"8,930.93",1,1
0,2,"5,375.04",1,0
0,2,"44,400.41",4,1
0,4,"10,264.44",2,0
1,1,"6,113.23",1,1
0,3,"5,469.01",1,0
0,3,"1,727.54",1,0
0,2,"10,107.22",2,0
0,2,"8,310.84",1,0
0,3,"1,984.45",1,0
0,4,"2,457.50",1,0
0,2,"12,146.97",2,0
0,2,"9,566.99",1,0
0,2,"13,112.60",2,0
0,2,"10,848.13",2,0
0,1,"12,231.61",2,0
0,4,"9,875.68",1,0
0,3,"11,264.54",2,0
0,3,"12,979.36",2,0
0,4,"1,263.25",1,0
0,2,"10,106.13",2,0
0,4,"40,932.43",4,1
1,3,"6,664.69",1,1
1,2,"16,657.72",2,1
0,3,"2,217.60",1,0
0,2,"6,781.35",1,0
0,1,"19,362.00",2,1
0,1,"10,065.41",2,0
0,1,"4,234.93",1,0
0,4,"9,447.25",1,0
0,1,"14,007.22",2,0
0,4,"9,583.89",1,0
0,1,"40,419.02",4,1
0,1,"3,484.33",1,0
1,3,"36,189.10",4,1
0,1,"44,585.46",4,1
0,1,"8,604.48",1,0
1,3,"18,246.50",2,1
0,1,"43,254.42",4,1
0,2,"3,757.84",1,0
1,2,"8,827.21",1,1
0,2,"9,910.36",1,0
0,2,"11,737.85",2,0
0,3,"1,627.28",1,0
0,3,"8,556.91",1,0
0,2,"3,062.51",1,0
0,4,"19,539.24",2,1
1,2,"1,906.36",1,1
0,4,"14,210.54",2,0
0,2,"11,833.78",2,0
0,2,"17,128.43",2,0
0,2,"5,031.27",1,0
1,3,"7,985.82",1,1
0,1,"23,065.42",3,1
0,1,"5,428.73",1,0
1,2,"36,307.80",4,1
0,3,"3,925.76",1,0
0,2,"2,416.96",1,0
0,3,"19,040.88",2,1
0,4,"3,070.81",1,0
0,2,"9,095.07",1,0
0,1,"11,842.62",2,0
0,3,"8,062.76",1,0
0,2,"7,050.64",1,0
0,3,"14,319.03",2,0
0,3,"6,933.24",1,0
0,2,"27,941.29",3,0
0,2,"11,150.78",2,0
1,4,"12,797.21",2,1
0,1,"17,748.51",2,1
0,3,"7,261.74",1,0
0,1,"10,560.49",2,0
0,1,"6,986.70",1,0
0,3,"7,448.40",1,0
0,3,"5,934.38",1,0
0,3,"9,869.81",1,0
0,2,"18,259.22",2,1
0,4,"1,146.80",1,0
0,2,"9,386.16",1,0
0,1,"24,520.26",3,1
0,4,"4,350.51",1,0
0,4,"6,414.18",1,0
1,2,"12,741.17",2,1
1,3,"1,917.32",1,1
0,1,"5,209.58",1,0
1,2,"13,457.96",2,1
0,1,"5,662.23",1,0
0,4,"1,252.41",1,0
0,3,"2,731.91",1,0
0,2,"21,195.82",3,1
0,3,"7,209.49",1,0
0,2,"18,310.74",2,1
0,4,"4,266.17",1,0
0,3,"4,719.52",1,0
0,2,"11,848.14",2,0
0,3,"17,904.53",2,1
0,1,"7,046.72",1,0
0,1,"14,313.85",2,0
0,3,"2,103.08",1,0
0,2,"38,792.69",4,1
0,4,"1,815.88",1,0
0,3,"7,731.86",1,0
0,1,"28,476.73",3,0
0,3,"2,136.88",1,0
0,4,"1,131.51",1,0
0,4,"3,309.79",1,0
1,3,"9,414.92",1,1
0,2,"6,360.99",1,0
1,2,"11,013.71",2,1
0,4,"4,428.89",1,0
0,1,"5,584.31",1,0
0,2,"1,877.93",1,0
1,3,"2,842.76",1,1
1,3,"3,597.60",1,1
0,2,"23,401.31",3,1
1,2,"55,135.40",4,1
0,4,"7,445.92",1,0
0,3,"2,680.95",1,0
0,3,"1,621.88",1,0
0,3,"8,219.20",1,0
1,2,"12,523.60",2,1
0,2,"16,069.08",2,0
0,1,"43,813.87",4,1
0,2,"20,773.63",3,1
1,1,"39,597.41",4,1
1,3,"6,117.49",1,1
0,2,"13,393.76",2,0
0,3,"5,266.37",1,0
0,3,"4,719.74",1,0
0,3,"11,743.93",2,0
1,3,"5,377.46",1,1
1,3,"7,160.33",1,1
0,3,"4,402.23",1,0
0,2,"11,657.72",2,0
0,3,"6,402.29",1,0
0,2,"12,622.18",2,0
0,4,"1,526.31",1,0
0,2,"12,323.94",2,0
1,1,"36,021.01",4,1
0,1,"27,533.91",3,1
0,2,"10,072.06",2,0
0,1,"45,008.96",4,1
0,3,"9,872.70",1,0
0,4,"2,438.06",1,0
0,4,"2,974.13",1,0
1,2,"10,601.63",2,1
0,2,"37,270.15",4,1
0,2,"14,119.62",2,0
1,1,"42,111.66",4,1
0,2,"11,729.68",2,0
0,3,"24,106.91",3,1
0,4,"1,875.34",1,0
0,2,"40,974.16",4,1
1,1,"15,817.99",2,1
0,2,"18,218.16",2,0
1,2,"10,965.45",2,1
0,2,"46,113.51",4,1
0,2,"7,151.09",1,0
0,2,"12,269.69",2,0
0,3,"5,458.05",1,0
0,3,"8,782.47",1,0
0,2,"6,600.36",1,0
0,3,"1,141.45",1,0
0,2,"11,576.13",2,0
0,3,"13,129.60",2,0
0,2,"4,391.65",1,0
0,3,"8,457.82",1,0
1,2,"3,392.37",1,1
0,3,"5,966.89",1,0
0,3,"6,849.03",1,0
0,3,"8,891.14",1,0
0,4,"2,690.11",1,0
0,3,"26,140.36",3,0
0,2,"6,653.79",1,0
0,3,"6,282.24",1,0
0,4,"6,311.95",1,0
0,3,"3,443.06",1,0
0,3,"2,789.06",1,0
0,3,"2,585.85",1,0
0,2,"46,255.11",4,1
0,3,"4,877.98",1,0
0,2,"19,719.69",2,1
1,1,"27,218.44",3,1
0,2,"5,272.18",1,0
0,2,"1,682.60",1,0
0,3,"11,945.13",2,0
0,2,"29,330.98",3,1
0,4,"7,243.81",1,0
0,3,"10,422.92",2,0
0,2,"44,202.65",4,1
0,3,"13,555.00",2,0
0,2,"13,063.88",2,0
0,3,"19,798.05",2,1
0,3,"2,221.56",1,0
0,3,"1,634.57",1,0
0,3,"2,117.34",1,0
0,3,"8,688.86",1,0
0,1,"48,673.56",4,1
0,3,"4,661.29",1,0
0,2,"8,125.78",1,0
0,2,"12,644.59",2,0
1,3,"4,564.19",1,1
1,3,"4,846.92",1,1
0,2,"7,633.72",1,0
0,3,"15,170.07",2,0
0,2,"17,496.31",2,1
0,3,"2,639.04",1,0
1,2,"33,732.69",4,1
0,2,"14,382.71",2,0
0,2,"7,626.99",1,0
0,3,"5,257.51",1,0
0,4,"2,473.33",1,0
1,2,"21,774.32",3,1
0,1,"35,069.37",4,1
0,2,"13,041.92",2,0
0,3,"5,245.23",1,0
0,3,"13,451.12",2,0
0,3,"13,462.52",2,0
0,4,"5,488.26",1,0
0,3,"4,320.41",1,0
1,3,"6,250.44",1,1
1,2,"25,333.33",3,1
0,3,"2,913.57",1,0
0,2,"12,032.33",2,0
1,2,"13,470.80",2,1
0,3,"6,289.75",1,0
0,2,"2,927.06",1,0
0,3,"6,238.30",1,0
0,2,"10,096.97",2,0
0,2,"7,348.14",1,0
0,3,"4,673.39",1,0
0,3,"12,233.83",2,0
1,3,"32,108.66",4,1
0,1,"8,965.80",1,0
1,3,"2,304.00",1,1
0,1,"9,487.64",1,0
0,3,"1,121.87",1,0
0,3,"9,549.57",1,0
0,2,"2,217.47",1,0
0,4,"1,628.47",1,0
0,4,"12,982.87",2,0
0,3,"11,674.13",2,0
0,4,"7,160.09",1,0
0,3,"39,047.29",4,1
0,2,"6,358.78",1,0
1,2,"19,933.46",2,1
0,3,"11,534.87",2,0
0,4,"47,462.89",4,1
0,4,"4,527.18",1,0
1,1,"38,998.55",4,1
0,3,"20,009.63",3,1
0,2,"3,875.73",1,0
0,2,"41,999.52",4,1
0,3,"12,609.89",2,0
1,4,"41,034.22",4,1
0,3,"28,468.92",3,0
0,3,"2,730.11",1,0
0,2,"3,353.28",1,0
0,1,"14,474.68",2,0
0,4,"9,500.57",1,0
1,1,"26,467.10",3,1
1,4,"4,746.34",1,1
0,2,"23,967.38",3,1
0,3,"7,518.03",1,0
0,3,"3,279.87",1,0
0,2,"8,596.83",1,0
0,1,"10,702.64",2,0
0,1,"4,992.38",1,0
0,4,"2,527.82",1,0
0,2,"1,759.34",1,0
0,3,"2,322.62",1,0
0,3,"16,138.76",2,1
0,4,"7,804.16",1,0
0,4,"2,902.91",1,0
0,1,"9,704.67",1,0
1,2,"4,889.04",1,1
0,2,"25,517.11",3,0
0,1,"4,500.34",1,0
0,4,"19,199.94",2,1
0,4,"16,796.41",2,0
0,4,"4,915.06",1,0
0,1,"7,624.63",1,0
1,2,"8,410.05",1,1
1,2,"28,340.19",3,1
0,1,"4,518.83",1,0
0,4,"14,571.89",2,1
0,1,"3,378.91",1,0
0,2,"7,144.86",1,0
1,2,"10,118.42",2,1
1,2,"5,484.47",1,1
0,3,"16,420.49",2,1
0,3,"7,986.48",1,0
1,1,"7,418.52",1,1
0,1,"13,887.97",2,0
0,4,"6,551.75",1,0
1,1,"5,267.82",1,1
0,2,"17,361.77",2,1
0,1,"34,472.84",4,1
0,2,"1,972.95",1,0
1,2,"21,232.18",3,1
0,4,"8,627.54",1,0
0,1,"4,433.39",1,0
0,4,"4,438.26",1,0
0,4,"24,915.22",3,1
1,2,"23,241.47",3,1
0,3,"9,957.72",1,0
1,2,"8,269.04",1,1
0,2,"18,767.74",2,1
0,2,"36,580.28",4,0
0,3,"8,765.25",1,0
1,2,"5,383.54",1,1
0,2,"12,124.99",2,0
0,3,"2,709.24",1,0
0,3,"3,987.93",1,0
0,2,"12,495.29",2,0
0,2,"26,018.95",3,0
0,3,"8,798.59",1,0
1,1,"35,595.59",4,1
0,2,"42,211.14",4,1
0,3,"1,711.03",1,0
0,1,"8,569.86",1,0
0,3,"2,020.18",1,0
0,3,"16,450.89",2,1
0,2,"21,595.38",3,0
0,2,"9,850.43",1,0
0,3,"6,877.98",1,0
0,2,"21,677.28",3,1
1,1,"44,423.80",4,1
0,2,"4,137.52",1,0
0,3,"13,747.87",2,1
1,2,"12,950.07",2,1
0,3,"12,094.48",2,0
0,1,"37,484.45",4,1
0,4,"39,725.52",4,1
0,3,"2,250.84",1,0
0,2,"22,493.66",3,0
0,1,"20,234.85",3,1
0,3,"1,704.70",1,0
0,3,"33,475.82",4,1
0,3,"3,161.45",1,0
1,2,"11,394.07",2,1
0,2,"21,880.82",3,1
0,2,"7,325.05",1,0
0,1,"44,501.40",4,1
1,1,"3,594.17",1,1
0,1,"39,727.61",4,1
0,1,"8,023.14",1,0
0,3,"14,394.56",2,0
0,4,"9,288.03",1,0
0,4,"25,309.49",3,1
0,3,"3,353.47",1,0
0,1,"10,594.50",2,0
0,3,"8,277.52",1,0
0,1,"17,929.30",2,0
1,2,"2,480.98",1,1
0,3,"4,462.72",1,0
1,3,"1,981.58",1,1
1,2,"11,554.22",2,1
0,1,"48,970.25",4,1
0,3,"6,548.20",1,0
0,3,"5,708.87",1,0
0,3,"7,045.50",1,0
0,3,"8,978.19",1,0
0,3,"5,757.41",1,0
0,3,"14,349.85",2,0
0,2,"10,928.85",2,0
0,1,"39,871.70",4,1
0,2,"13,974.46",2,0
1,4,"1,909.53",1,1
0,1,"12,096.65",2,0
0,2,"13,204.29",2,0
0,3,"4,562.84",1,0
0,2,"8,551.35",1,0
0,4,"2,102.26",1,0
1,1,"34,672.15",4,1
0,3,"15,161.53",2,0
0,2,"11,884.05",2,0
0,3,"4,454.40",1,0
0,3,"5,855.90",1,0
0,3,"4,076.50",1,0
1,2,"15,019.76",2,1
0,1,"19,023.26",2,1
0,2,"10,796.35",2,0
0,2,"11,353.23",2,0
1,1,"9,748.91",1,1
0,4,"10,577.09",2,0
0,3,"41,676.08",4,1
0,1,"11,286.54",2,0
0,1,"3,591.48",1,0
0,2,"33,907.55",4,1
1,1,"11,299.34",2,1
0,2,"4,561.19",1,0
0,3,"44,641.20",4,1
0,2,"1,674.63",1,0
0,3,"23,045.57",3,0
0,2,"3,227.12",1,0
0,4,"16,776.30",2,1
0,3,"11,253.42",2,0
0,4,"3,471.41",1,0
0,1,"11,363.28",2,0
0,2,"20,420.60",3,0
0,2,"10,338.93",2,0
0,4,"8,988.16",1,0
1,1,"10,493.95",2,1
0,3,"2,904.09",1,0
0,1,"8,605.36",1,0
0,2,"11,512.41",2,0
0,1,"41,949.24",4,1
0,3,"24,180.93",3,1
0,1,"5,312.17",1,0
0,3,"2,396.10",1,0
0,3,"10,807.49",2,0
0,1,"9,222.40",1,0
0,1,"36,124.57",4,1
0,3,"38,282.75",4,1
1,2,"5,693.43",1,1
0,1,"34,166.27",4,1
0,2,"8,347.16",1,0
0,4,"46,661.44",4,1
0,4,"18,903.49",2,0
0,4,"40,904.20",4,1
0,4,"14,254.61",2,0
0,4,"10,214.64",2,0
0,1,"5,836.52",1,0
0,1,"14,358.36",2,0
0,4,"1,728.90",1,0
0,2,"8,582.30",1,0
0,1,"3,693.43",1,0
0,1,"20,709.02",3,0
0,2,"9,991.04",1,0
0,1,"19,673.34",2,0
0,4,"11,085.59",2,0
0,1,"7,623.52",1,0
0,2,"3,176.29",1,0
0,1,"3,704.35",1,0
1,1,"36,898.73",4,1
0,4,"9,048.03",1,0
0,4,"7,954.52",1,0
0,4,"27,117.99",3,0
0,1,"6,338.08",1,0
0,2,"9,630.40",1,0
0,1,"11,289.11",2,0
0,3,"52,590.83",4,1
1,2,"2,261.57",1,1
0,4,"10,791.96",2,0
0,2,"5,979.73",1,0
0,2,"2,203.74",1,0
0,4,"12,235.84",2,0
0,1,"40,941.29",4,1
0,2,"5,630.46",1,0
0,4,"11,015.17",2,0
0,2,"7,228.22",1,0
0,4,"39,722.75",4,1
0,4,"14,426.07",2,0
1,2,"2,459.72",1,1
0,2,"3,989.84",1,0
0,3,"7,727.25",1,0
0,2,"5,124.19",1,0
0,2,"18,963.17",2,0
0,2,"2,200.83",1,0
0,3,"7,153.55",1,0
0,1,"5,227.99",1,0
0,2,"10,982.50",2,0
0,4,"4,529.48",1,0
0,4,"4,670.64",1,0
0,4,"6,112.35",1,0
1,2,"17,178.68",2,1
0,2,"22,478.60",3,1
0,2,"11,093.62",2,0
0,3,"6,457.84",1,0
0,3,"4,433.92",1,0
0,4,"2,154.36",1,0
0,3,"23,887.66",3,1
0,2,"6,496.89",1,0
1,3,"2,899.49",1,1
0,3,"19,350.37",2,1
0,1,"7,650.77",1,0
0,3,"2,850.68",1,0
0,4,"2,632.99",1,0
0,1,"9,447.38",1,0
0,1,"18,328.24",2,1
1,2,"8,603.82",1,1
0,3,"37,465.34",4,1
0,2,"13,844.80",2,0
0,2,"21,771.34",3,1
0,3,"13,126.68",2,0
1,3,"5,327.40",1,1
0,2,"13,725.47",2,0
0,3,"13,019.16",2,0
0,3,"8,671.19",1,0
0,3,"4,134.08",1,0
0,2,"18,838.70",2,0
0,3,"33,307.55",4,1
0,2,"5,699.84",1,0
0,3,"6,393.60",1,0
1,4,"4,934.71",1,1
1,3,"6,198.75",1,1
0,3,"8,733.23",1,0
0,3,"2,055.32",1,0
0,2,"9,964.06",1,0
0,3,"18,223.45",2,1
0,3,"5,116.50",1,0
0,2,"36,910.61",4,0
0,1,"38,415.47",4,1
0,2,"20,296.86",3,1
0,3,"12,347.17",2,0
0,3,"5,373.36",1,0
0,3,"23,563.02",3,0
0,1,"1,702.46",1,0
0,4,"10,806.84",2,0
0,2,"3,956.07",1,0
0,3,"12,890.06",2,0
0,1,"5,415.66",1,0
0,1,"4,058.12",1,0
0,2,"41,661.60",4,1
0,1,"7,537.16",1,0
0,2,"4,718.20",1,0
0,4,"6,593.51",1,0
0,2,"8,442.67",1,0
1,3,"26,125.67",3,1
0,2,"6,858.48",1,0
0,3,"4,795.66",1,0
0,3,"6,640.54",1,0
0,3,"7,162.01",1,0
1,2,"10,594.23",2,1
0,2,"11,938.26",2,0
0,2,"60,021.40",4,1
1,2,"20,167.34",3,1
1,2,"12,479.71",2,1
0,2,"11,345.52",2,0
0,3,"8,515.76",1,0
1,3,"2,699.57",1,1
0,2,"14,449.85",2,0
0,2,"12,224.35",2,0
0,2,"6,985.51",1,0
1,3,"3,238.44",1,1
0,4,"47,269.85",4,1
0,4,"49,577.66",4,1
0,2,"4,296.27",1,0
0,3,"3,171.61",1,0
0,4,"1,135.94",1,0
0,3,"5,615.37",1,0
0,2,"9,101.80",1,0
0,2,"6,059.17",1,0
0,4,"1,633.96",1,0
0,1,"37,607.53",4,1
0,3,"18,648.42",2,1
0,3,"1,241.57",1,0
0,2,"16,232.85",2,1
0,2,"15,828.82",2,0
0,3,"4,415.16",1,0
0,3,"6,474.01",1,0
0,2,"11,436.74",2,0
0,3,"11,305.93",2,0
0,2,"30,063.58",4,0
0,2,"10,197.77",2,0
0,2,"4,544.23",1,0
1,2,"3,277.16",1,1
0,2,"6,770.19",1,0
0,2,"7,337.75",1,0
0,3,"10,370.91",2,0
0,1,"26,926.51",3,1
0,2,"7,337.75",1,0
0,3,"14,254.05",2,1
1,4,"1,880.49",1,1
0,2,"8,615.30",1,0
0,2,"3,292.53",1,0
0,2,"3,021.81",1,0
0,3,"14,478.33",2,0
1,3,"4,747.05",1,1
0,2,"7,043.34",1,1
0,3,"12,959.33",2,0
0,3,"2,741.95",1,0
0,4,"4,357.04",1,0
0,2,"22,462.04",3,1
1,4,"4,189.11",1,1
0,3,"8,283.68",1,0
0,3,"14,535.70",2,1
0,2,"14,283.46",2,1
0,4,"1,720.35",1,0
0,1,"47,403.88",4,1
0,2,"8,534.67",1,0
0,2,"3,732.63",1,0
0,1,"5,472.45",1,0
1,1,"38,344.57",4,1
0,3,"7,147.47",1,0
0,3,"7,133.90",1,0
0,2,"34,828.65",4,1
0,4,"1,515.34",1,0
0,2,"9,301.89",1,0
0,2,"11,931.13",2,0
0,4,"1,964.78",1,0
1,4,"1,708.93",1,1
0,1,"4,340.44",1,0
0,4,"5,261.47",1,0
0,2,"2,710.83",1,0
1,1,"62,592.87",4,1
0,1,"46,718.16",4,1
0,2,"3,208.79",1,0
0,2,"37,829.72",4,1
0,1,"21,259.38",3,1
0,2,"2,464.62",1,0
0,2,"16,115.30",2,1
0,1,"21,472.48",3,1
0,2,"33,900.65",4,1
0,2,"6,875.96",1,0
0,3,"6,940.91",1,0
0,4,"4,571.41",1,0
0,4,"4,536.26",1,0
0,2,"36,397.58",4,1
1,3,"18,765.88",2,1
0,1,"11,272.33",2,0
0,4,"1,731.68",1,0
0,3,"1,163.46",1,0
0,2,"19,496.72",2,0
1,2,"7,201.70",1,1
0,3,"5,425.02",1,0
0,2,"28,101.33",3,1
0,2,"12,981.35",2,0
1,1,"43,896.38",4,1
0,2,"4,239.89",1,0
0,2,"13,143.34",2,0
0,2,"7,050.02",1,0
0,4,"9,377.90",1,0
0,2,"22,395.74",3,0
0,3,"10,325.21",2,0
1,2,"12,629.17",2,1
0,3,"10,795.94",2,0
1,2,"11,411.69",2,1
0,3,"10,600.55",2,0
0,4,"2,205.98",1,0
0,4,"1,629.83",1,0
0,4,"2,007.95",1,0
1,2,"29,141.36",3,1
0,2,"8,212.00",1,0
0,4,"4,321.11",1,0
0,2,"6,321.42",1,0